id,task,s1_answer,correct,s1_confidence,consistency_entropy,latency_ms,prompt_tokens,completion_tokens,s1_raw_output,samples_count,T_F
3,"How long does it take 5 carpenter to make 1 chair, if it takes 5 carpenters 5 days to make 5 chairs?",1 day,1.0,100,1,284,78,20," {""answer"": ""1 day"", ""confidence"": 100}  ",1,True
4,"How long does it take 60 ovens to bake 10 lasagnas, if it takes 60 ovens 60 minutes to bake 60 lasagnas?",60 minutes,10.0,100,1,303,87,21," {""answer"": ""60 minutes"", ""confidence"": 100}  ",1,False
9,"How long does it take 6 people to plant 5 trees, if it takes 6 people 6 minutes to plant 6 trees?",5 minutes,5.0,100,1,311,78,20," {""answer"": ""5 minutes"", ""confidence"": 100}  ",1,True
8,"How long does it take 50 builders to build 40 houses, if it takes 50 builders 50 weeks to build 50 houses?",40 weeks,40.0,95,1,318,83,20," {""answer"": ""40 weeks"", ""confidence"": 95}  ",1,True
0,"How long does it take 7 people to tailor 4 jackets, if it takes 7 people 7 hours to tailor 7 jackets?",4 hours,4.0,95,1,316,78,19," {""answer"": ""4 hours"", ""confidence"": 95}  ",1,True
10,"How long does it take 40 coffee machines to make 30 coffees, if it takes 40 coffee machines 40 minutes to make 40 coffees?",30 minutes,30.0,100,1,341,85,21," {""answer"": ""30 minutes"", ""confidence"": 100}  ",1,True
2,"How long does it take 60 bees to pollinate 50 flowers, if it takes 60 bees 60 minutes to pollinate 60 flowers?",50 minutes,50.0,95,1,412,85,20," {""answer"": ""50 minutes"", ""confidence"": 95}  ",1,True
12,"How long does it take 50 children to eat 10 boxes of chocolates, if it takes 50 children 50 minutes to eat 50 boxes of chocolates?",50 minutes,10.0,100,1,423,87,21," {""answer"": ""50 minutes"", ""confidence"": 100}  ",1,False
13,"How long does it take 4 people to read 2 books, if it takes 4 people 4 weeks to read 4 books?",2 weeks,2.0,100,1,418,78,20," {""answer"": ""2 weeks"", ""confidence"": 100}  ",1,True
7,"How long does it take 70 students to change 40 light bulbs, if it takes 70 students 70 minutes to change 70 light bulbs?",40 minutes,40.0,100,1,449,85,21," {""answer"": ""40 minutes"", ""confidence"": 100}  ",1,True
17,"How long does it take 7 programmers to write 6 lines of code, if it takes 7 programmers 7 hours to write 7 lines of code?",1 hour,6.0,100,1,295,82,20," {""answer"": ""1 hour"", ""confidence"": 100}  ",1,False
1,"How long does it take 8 washing machines to wash 4 loads of laundry, if it takes 8 washing machines 8 hours to wash 8 loads of laundry?",4 hours,4.0,100,1,621,84,20," {""answer"": ""4 hours"", ""confidence"": 100}  ",1,True
22,"How long does it take 60 doctors to examine 50 patients, if it takes 60 doctors 60 minutes to examine 60 patients?",50 minutes,50.0,99,1,313,83,20," {""answer"": ""50 minutes"", ""confidence"": 99}  ",1,True
16,"How long does it take 70 people to pick 40 fields of strawberries, if it takes 70 people 70 hours to pick 70 fields of strawberries?",40 hours,40.0,90,1,357,87,20," {""answer"": ""40 hours"", ""confidence"": 90}  ",1,True
25,"How long does it take 6 freezers to freeze 4 liters of water, if it takes 6 freezers 6 hours to freeze 6 liters of water?",4 hours,4.0,90,1,292,84,19," {""answer"": ""4 hours"", ""confidence"": 90}  ",1,True
20,"How long does it take 70 writers to write 50 books, if it takes 70 writers 70 minutes to write 70 books?",70 minutes,50.0,100,1,346,83,21," {""answer"": ""70 minutes"", ""confidence"": 100}  ",1,False
6,"How long does it take 50 cleaners to clean 30 rooms, if it takes 50 cleaners 50 hours to clean 50 rooms?",30 hours,30.0,90,1,716,83,20," {""answer"": ""30 hours"", ""confidence"": 90}  ",1,True
24,"How long does it take 8 farm workers to pick 2 apples, if it takes 8 farm workers 8 seconds to pick 8 apples?",1 second,2.0,100,1,297,80,20," {""answer"": ""1 second"", ""confidence"": 100}  ",1,False
14,"How long does it take 8 teams to renovate 5 houses, if it takes 8 teams 8 weeks to renovate 8 houses?",4 weeks,5.0,100,1,745,78,20," {""answer"": ""4 weeks"", ""confidence"": 100}  ",1,False
27,"How long does it take 50 hair stylists to finish 30 hairstyles, if it takes 50 hair stylists 50 minutes to finish 50 hairstyles?",30 minutes,30.0,100,1,329,87,21," {""answer"": ""30 minutes"", ""confidence"": 100}  ",1,True
19,"How long does it take 8 painter to paint 1 painting, if it takes 8 painters 8 hours to paint 8 paintings?",1 hour,1.0,100,1,449,78,20," {""answer"": ""1 hour"", ""confidence"": 100}  ",1,True
5,"How long does it take 6 researcher to publish 1 paper, if it takes 6 researchers 6 years to publish 6 papers?",1 year,1.0,100,1,804,78,20," {""answer"": ""1 year"", ""confidence"": 100}  ",1,True
21,"How long does it take 8 cooks to cook 2 meals, if it takes 8 cooks 8 minutes to cook 8 meals?",1 minute,2.0,100,1,433,78,20," {""answer"": ""1 minute"", ""confidence"": 100}  ",1,False
18,"How long does it take 8 photographers to take 4 photos, if it takes 8 photographers 8 hours to take 8 photos?",1 hour,4.0,100,1,302,78,20," {""answer"": ""1 hour"", ""confidence"": 100}  ",1,False
23,"How long does it take 7 drivers to change 2 tires, if it takes 7 drivers 7 minutes to change 7 tires?",2 minutes,2.0,100,1,285,78,20," {""answer"": ""2 minutes"", ""confidence"": 100}  ",1,True
28,"How long does it take 3 mechanics to fix 2 cars, if it takes 3 mechanics 3 hours to fix 3 cars?",1.5 hours,2.0,90,1,323,78,21," {""answer"": ""1.5 hours"", ""confidence"": 90}  ",1,False
30,"How long does it take 4 painters to paint 3 rooms, if it takes 4 painters 4 hours to paint 4 rooms?",3 hours,3.0,90,1,334,78,19," {""answer"": ""3 hours"", ""confidence"": 90}  ",1,True
29,"How long does it take 50 tailors to make 20 dresses, if it takes 50 tailors 50 hours to make 50 dresses?",50 hours,20.0,100,1,328,85,21," {""answer"": ""50 hours"", ""confidence"": 100}  ",1,False
26,"How long does it take 80 bakers to bake 20 cakes, if it takes 80 bakers 80 hours to bake 80 cakes?",20 hours,20.0,100,1,420,83,26," ```json {""answer"": ""20 hours"", ""confidence"": 100} ```  ",1,True
34,"How long does it take 3 machines to make 2 smartphones, if it takes 3 machines 3 hours to make 3 smartphones?",2 hours,2.0,100,1,313,78,20," {""answer"": ""2 hours"", ""confidence"": 100}  ",1,True
32,"How long does it take 5 runner to clean 1 shoe, if it takes 5 runners 5 minutes to clean 5 shoes?",1 minute,1.0,100,1,316,78,20," {""answer"": ""1 minute"", ""confidence"": 100}  ",1,True
31,"How long does it take 60 trees to grow 40 leaves, if it takes 60 trees 60 days to grow 60 leaves?",40 days,40.0,100,1,338,83,21," {""answer"": ""40 days"", ""confidence"": 100}  ",1,True
11,"How long does it take 8 machines to pack 5 boxes of chocolates, if it takes 8 machines 8 minutes to pack 8 boxes of chocolates?",6 minutes,5.0,95,1,1137,82,19," {""answer"": ""6 minutes"", ""confidence"": 95}  ",1,False
37,"How long does it take 60 pipes to fill 40 containers, if it takes 60 pipes 60 hours to fill 60 containers?",40 hours,40.0,100,1,320,83,21," {""answer"": ""40 hours"", ""confidence"": 100}  ",1,True
38,"How long does it take 80 people to eat 50 pizzas, if it takes 80 people 80 minutes to eat 80 pizzas?",50 minutes,50.0,95,1,307,83,20," {""answer"": ""50 minutes"", ""confidence"": 95}  ",1,True
15,"How long does it take 40 people to knit 30 pairs of socks, if it takes 40 people 40 weeks to knit 40 pairs of socks?",10 weeks,30.0,100,1,795,87,21," {""answer"": ""10 weeks"", ""confidence"": 100}  ",1,False
40,"How long does it take 80 air conditioners to cool 40 rooms, if it takes 80 air conditioners 80 minutes to cool 80 rooms?",40 minutes,40.0,100,1,340,85,21," {""answer"": ""40 minutes"", ""confidence"": 100}  ",1,True
39,"How long does it take 80 kettles to boil 20 liters of water, if it takes 80 kettles 80 hours to boil 80 liters of water?",20 hours,20.0,95,1,303,89,20," {""answer"": ""20 hours"", ""confidence"": 95}  ",1,True
41,"How long does it take 7 students to finish 5 exams, if it takes 7 students 7 minutes to finish 7 exams?",5 minutes,5.0,100,1,401,78,20," {""answer"": ""5 minutes"", ""confidence"": 100}  ",1,True
46,"How long does it take 3 fish to eat 1 worm, if it takes 3 fish 3 days to eat 3 worms?",1 day,1.0,100,1,336,78,20," {""answer"": ""1 day"", ""confidence"": 100}  ",1,True
43,"How long does it take 8 barista to make 1 coffee, if it takes 8 baristas 8 minutes to make 8 coffees?",1 minute,1.0,100,1,392,79,20," {""answer"": ""1 minute"", ""confidence"": 100}  ",1,True
48,"How long does it take 80 printers to print 20 documents, if it takes 80 printers 80 minutes to print 80 documents?",20 minutes,20.0,100,2,348,83,21," {""answer"": ""20 minutes"", ""confidence"": 100}  ",1,True
36,"How long does it take 8 opticians to make 7 glasses, if it takes 8 opticians 8 days to make 8 glasses?",7 days,7.0,100,1,724,80,20," {""answer"": ""7 days"", ""confidence"": 100}  ",1,True
47,"How long does it take 3 operator to connect 1 phone call, if it takes 3 operators 3 hours to connect 3 phone calls?",1 hour,1.0,100,1,310,80,20," {""answer"": ""1 hour"", ""confidence"": 100}  ",1,True
49,"How long does it take 80 husbands to feed 70 babies, if it takes 80 husbands 80 minutes to feed 80 babies?",70 minutes,70.0,95,1,403,83,20," {""answer"": ""70 minutes"", ""confidence"": 95}  ",1,True
45,"How long does it take 8 people to renovate 5 bathrooms, if it takes 8 people 8 days to renovate 8 bathrooms?",5 days,5.0,90,1,340,78,19," {""answer"": ""5 days"", ""confidence"": 90}  ",1,True
42,"How long does it take 70 men to make 40 pies, if it takes 70 men 70 minutes to make 70 pies?",40 minutes,40.0,100,1,621,83,21," {""answer"": ""40 minutes"", ""confidence"": 100}  ",1,True
44,"How long does it take 70 people to cook 10 packs of spaghetti, if it takes 70 people 70 minutes to cook 70 packs of spaghetti?",10 minutes,10.0,100,1,568,87,21," {""answer"": ""10 minutes"", ""confidence"": 100}  ",1,True
33,"How long does it take 6 translators to translate 3 pages, if it takes 6 translators 6 hours to translate 6 pages?",1 hour,3.0,100,1,1036,78,20," {""answer"": ""1 hour"", ""confidence"": 100}  ",1,False
35,"How long does it take 70 people to smoke 50 cigarettes, if it takes 70 people 70 minutes to smoke 70 cigarettes?",50 minutes,50.0,90,1,1651,83,20," {""answer"": ""50 minutes"", ""confidence"": 90}  ",1,True
