id,task,s2_answer,correct,s2_confidence,latency_ms,prompt_tokens,completion_tokens,s2_reasoning,s2_raw_output,T_F
8,A can of baby food and a helmet together cost $1.20. The can of baby food costs $1. How much does the helmet cost?,$0.20,0.2,100,1882,131,178,"Reasoning:   1. We need to find the cost of the helmet given the total cost of both items ($1.20) and the known cost of the can of baby food ($1).  2. Let's denote the cost of the helmet as \(H\).  3. According to the problem, the sum of the cost of the can of baby food (\$1) and the helmet (\(H\)) equals \$1.20.     Therefore, we can write the equation: \(1 + H = 1.20\).  4. To solve for \(H\), we subtract $1 from both sides of the equation: \(H = 1.20 - 1\).  5. Performing the subtraction gives us \(H = 0.20\).    Final Answer: $0.20 | 100","Reasoning:  1. We need to find the cost of the helmet given the total cost of both items ($1.20) and the known cost of the can of baby food ($1). 2. Let's denote the cost of the helmet as \(H\). 3. According to the problem, the sum of the cost of the can of baby food (\$1) and the helmet (\(H\)) equals \$1.20.    Therefore, we can write the equation: \(1 + H = 1.20\). 4. To solve for \(H\), we subtract $1 from both sides of the equation: \(H = 1.20 - 1\). 5. Performing the subtraction gives us \(H = 0.20\).  Final Answer: $0.20 | 100",True
1,A potato and a camera together cost $1.40. The potato costs $1. How much does the camera cost?,[0.40],0.4,[100],1989,125,193,"Reasoning: Let's denote the cost of the potato as \( P \) and the cost of the camera as \( C \). We know from the problem statement that:    1. The total cost of both items is $1.40, so we can write this as:   \[ P + C = 1.40 \]    2. It's also given that the potato costs $1, so we have:  \[ P = 1 \]    Now we substitute the value of \( P \) into the first equation:  \[ 1 + C = 1.40 \]    To find the cost of the camera (\(C\)), we need to solve for \(C\):  \[ C = 1.40 - 1 \]  \[ C = 0.40 \]    So, the camera costs $0.40.    Final Answer: [0.40] | [100]","Reasoning: Let's denote the cost of the potato as \( P \) and the cost of the camera as \( C \). We know from the problem statement that:  1. The total cost of both items is $1.40, so we can write this as:  \[ P + C = 1.40 \]  2. It's also given that the potato costs $1, so we have: \[ P = 1 \]  Now we substitute the value of \( P \) into the first equation: \[ 1 + C = 1.40 \]  To find the cost of the camera (\(C\)), we need to solve for \(C\): \[ C = 1.40 - 1 \] \[ C = 0.40 \]  So, the camera costs $0.40.  Final Answer: [0.40] | [100]",True
14,A bottle of bath salts and a set of crayons together cost $520. The bottle of bath salts costs $500. How much does the set of crayons cost?,[20],20.0,[100],2006,138,166,"Reasoning:   1. Let's denote the cost of the set of crayons as \( C \).  2. According to the problem, the sum of the cost of the bottle of bath salts and the set of crayons is $520.  3. We know that the bottle of bath salts costs $500.  4. Therefore, we can write the equation: \( 500 + C = 520 \).  5. To find \( C \), we need to isolate it by subtracting $500 from both sides of the equation.  6. This gives us \( C = 520 - 500 \).  7. Calculating this, \( C = 20 \).    Final Answer: [20] | [100]","Reasoning:  1. Let's denote the cost of the set of crayons as \( C \). 2. According to the problem, the sum of the cost of the bottle of bath salts and the set of crayons is $520. 3. We know that the bottle of bath salts costs $500. 4. Therefore, we can write the equation: \( 500 + C = 520 \). 5. To find \( C \), we need to isolate it by subtracting $500 from both sides of the equation. 6. This gives us \( C = 520 - 500 \). 7. Calculating this, \( C = 20 \).  Final Answer: [20] | [100]",True
6,A coffee table and a mixing bowl together cost $52. The coffee table costs $50. How much does the mixing bowl cost?,$2,2.0,100,3252,128,110,"Reasoning:   1. We start by identifying the total cost of the coffee table and the mixing bowl together, which is $52.  2. We know that the coffee table alone costs $50.  3. To find the cost of the mixing bowl, we need to subtract the cost of the coffee table from the total cost.  4. So, we perform the calculation: $52 - $50 = $2.  5. Therefore, the mixing bowl costs $2.    Final Answer: $2 | 100","Reasoning:  1. We start by identifying the total cost of the coffee table and the mixing bowl together, which is $52. 2. We know that the coffee table alone costs $50. 3. To find the cost of the mixing bowl, we need to subtract the cost of the coffee table from the total cost. 4. So, we perform the calculation: $52 - $50 = $2. 5. Therefore, the mixing bowl costs $2.  Final Answer: $2 | 100",True
4,A chair and a coat together cost $13. The chair costs $10. How much does the coat cost?,The coat costs $3.,3.0,[95],3437,124,113,"Reasoning: Let's break down the problem to find the cost of the coat.    1. We know the total cost of a chair and a coat is $13.  2. We also know that the chair alone costs $10.  3. To find the cost of the coat, we can subtract the cost of the chair from the total cost.    So, the cost of the coat = Total cost - Cost of the chair = $13 - $10 = $3.    Final Answer: The coat costs $3. | [95]","Reasoning: Let's break down the problem to find the cost of the coat.  1. We know the total cost of a chair and a coat is $13. 2. We also know that the chair alone costs $10. 3. To find the cost of the coat, we can subtract the cost of the chair from the total cost.  So, the cost of the coat = Total cost - Cost of the chair = $13 - $10 = $3.  Final Answer: The coat costs $3. | [95]",True
3,A light bulb and a pan together cost $12. The light bulb costs $10. How much does the pan cost?,The pan costs $2,2.0,100,3572,126,126,"Reasoning:   1. We start by identifying the total cost of the light bulb and the pan, which is $12.  2. We know the cost of the light bulb is $10.  3. To find the cost of the pan, we subtract the cost of the light bulb from the total cost.     Total Cost - Cost of Light Bulb = Cost of Pan  4. Substituting the known values into the equation:     $12 - $10 = $2  5. Therefore, the pan costs $2.    Final Answer: The pan costs $2 | 100","Reasoning:  1. We start by identifying the total cost of the light bulb and the pan, which is $12. 2. We know the cost of the light bulb is $10. 3. To find the cost of the pan, we subtract the cost of the light bulb from the total cost.    Total Cost - Cost of Light Bulb = Cost of Pan 4. Substituting the known values into the equation:    $12 - $10 = $2 5. Therefore, the pan costs $2.  Final Answer: The pan costs $2 | 100",True
11,A trampoline and a box of batteries together cost $520. The trampoline costs $500. How much does the box of batteries cost?,The box of batteries costs $20,20.0,Confidence Score: 100,3673,132,137,"Reasoning:   1. We are given that the total cost of the trampoline and the box of batteries is $520.  2. We are also given that the trampoline alone costs $500.  3. To find the cost of the box of batteries, we need to subtract the cost of the trampoline from the total cost.  4. Therefore, the cost of the box of batteries = Total Cost - Cost of Trampoline = $520 - $500.  5. Performing this subtraction gives us the exact amount the box of batteries costs.    Final Answer: The box of batteries costs $20 | Confidence Score: 100","Reasoning:  1. We are given that the total cost of the trampoline and the box of batteries is $520. 2. We are also given that the trampoline alone costs $500. 3. To find the cost of the box of batteries, we need to subtract the cost of the trampoline from the total cost. 4. Therefore, the cost of the box of batteries = Total Cost - Cost of Trampoline = $520 - $500. 5. Performing this subtraction gives us the exact amount the box of batteries costs.  Final Answer: The box of batteries costs $20 | Confidence Score: 100",True
0,A pear and a fridge together cost $140. The pear costs $100. How much does the fridge cost?,$40,40.0,100,3742,126,112,"Reasoning:   1. We need to find the cost of the fridge, given that a pear and a fridge together cost $140 and the pear costs $100.  2. To solve this, we can use basic subtraction because the total cost is the sum of the cost of the pear and the cost of the fridge.  3. Therefore, the cost of the fridge = Total cost - Cost of the pear = $140 - $100 = $40.    Final Answer: $40 | 100","Reasoning:  1. We need to find the cost of the fridge, given that a pear and a fridge together cost $140 and the pear costs $100. 2. To solve this, we can use basic subtraction because the total cost is the sum of the cost of the pear and the cost of the fridge. 3. Therefore, the cost of the fridge = Total cost - Cost of the pear = $140 - $100 = $40.  Final Answer: $40 | 100",True
9,A sculpture and a box of lipstick together cost $13. The sculpture costs $10. How much does the box of lipstick cost?,[The box of lipstick costs $3.],3.0,[100],3788,128,125,"Reasoning:   1. We are given that the total cost of a sculpture and a box of lipstick is $13.  2. We know the cost of the sculpture alone is $10.  3. To find the cost of the box of lipstick, we can subtract the cost of the sculpture from the total cost to isolate the cost of the box of lipstick.    Calculation:   Cost of the box of lipstick = Total cost - Cost of the sculpture   = $13 - $10   = $3    Final Answer: [The box of lipstick costs $3.] | [100]","Reasoning:  1. We are given that the total cost of a sculpture and a box of lipstick is $13. 2. We know the cost of the sculpture alone is $10. 3. To find the cost of the box of lipstick, we can subtract the cost of the sculpture from the total cost to isolate the cost of the box of lipstick.  Calculation:  Cost of the box of lipstick = Total cost - Cost of the sculpture  = $13 - $10  = $3  Final Answer: [The box of lipstick costs $3.] | [100]",True
7,A microwave oven and a flower box together cost $51. The microwave oven costs $50. How much does the flower box cost?,[1],1.0,[95],3795,128,132,"Reasoning: Let's denote the cost of the microwave oven as \( M \) and the cost of the flower box as \( F \).    Given that:  - \( M + F = 51 \)  - \( M = 50 \)    We can substitute the value of \( M \) into the first equation to find \( F \):    \[ 50 + F = 51 \]    Subtract 50 from both sides:    \[ F = 51 - 50 \]  \[ F = 1 \]    So, the flower box costs $1.    Final Answer: [1] | [95]","Reasoning: Let's denote the cost of the microwave oven as \( M \) and the cost of the flower box as \( F \).  Given that: - \( M + F = 51 \) - \( M = 50 \)  We can substitute the value of \( M \) into the first equation to find \( F \):  \[ 50 + F = 51 \]  Subtract 50 from both sides:  \[ F = 51 - 50 \] \[ F = 1 \]  So, the flower box costs $1.  Final Answer: [1] | [95]",True
10,A pair of leggings and a body lotion together cost $54. The pair of leggings costs $50. How much does the body lotion cost?,[The body lotion costs $4.],4.0,[100],4223,130,156,"Reasoning:   1. Let's denote the cost of the leggings as L and the cost of the body lotion as B.  2. According to the problem, we have two pieces of information:     - L + B = $54 (the combined cost of the leggings and body lotion)     - L = $50 (the cost of the leggings alone)  3. We can substitute the value of L into the first equation to find B:     - $50 + B = $54  4. Solving for B, we subtract $50 from both sides:     - B = $54 - $50     - B = $4    Final Answer: [The body lotion costs $4.] | [100]","Reasoning:  1. Let's denote the cost of the leggings as L and the cost of the body lotion as B. 2. According to the problem, we have two pieces of information:    - L + B = $54 (the combined cost of the leggings and body lotion)    - L = $50 (the cost of the leggings alone) 3. We can substitute the value of L into the first equation to find B:    - $50 + B = $54 4. Solving for B, we subtract $50 from both sides:    - B = $54 - $50    - B = $4  Final Answer: [The body lotion costs $4.] | [100]",True
13,A bottle of shampoo and a knife together cost $110. The bottle of shampoo costs $100. How much does the knife cost?,$10,10.0,100,4660,130,175,"Reasoning:   1. Let's denote the cost of the bottle of shampoo as \(S\) and the cost of the knife as \(K\).  2. From the problem, we know that \(S + K = 110\) dollars.  3. We are also given that the bottle of shampoo costs $100, so \(S = 100\).  4. Substituting the value of \(S\) into the first equation: \(100 + K = 110\).  5. Solving for \(K\), we subtract 100 from both sides to find the cost of the knife: \(K = 110 - 100 = 10\) dollars.  6. Therefore, the knife costs $10.    Final Answer: $10 | 100","Reasoning:  1. Let's denote the cost of the bottle of shampoo as \(S\) and the cost of the knife as \(K\). 2. From the problem, we know that \(S + K = 110\) dollars. 3. We are also given that the bottle of shampoo costs $100, so \(S = 100\). 4. Substituting the value of \(S\) into the first equation: \(100 + K = 110\). 5. Solving for \(K\), we subtract 100 from both sides to find the cost of the knife: \(K = 110 - 100 = 10\) dollars. 6. Therefore, the knife costs $10.  Final Answer: $10 | 100",True
16,A wallet and a camera together cost $52. The wallet costs $50. How much does the camera cost?,$2,2.0,100,2836,124,93,"Reasoning:   1. The total cost of the wallet and the camera together is given as $52.  2. The cost of the wallet alone is given as $50.  3. To find the cost of the camera, we need to subtract the cost of the wallet from the total cost.  4. Therefore, the cost of the camera is $52 - $50 = $2.    Final Answer: $2 | 100","Reasoning:  1. The total cost of the wallet and the camera together is given as $52. 2. The cost of the wallet alone is given as $50. 3. To find the cost of the camera, we need to subtract the cost of the wallet from the total cost. 4. Therefore, the cost of the camera is $52 - $50 = $2.  Final Answer: $2 | 100",True
2,A boat and a potato together cost $110. The boat costs $100. How much does the potato cost?,$10,10.0,100,4890,126,193,"Reasoning:   1. We start by understanding the problem statement, which provides us with two pieces of information: the combined cost of a boat and a potato is $110, and the boat itself costs $100.  2. To find the cost of the potato, we must subtract the cost of the boat from the total combined cost.  3. The equation to solve this would be: Cost of Boat + Cost of Potato = Total Cost.  4. Given that the cost of the boat is $100 and the total cost is $110, we can set up the equation as: $100 + Cost of Potato = $110.  5. Solving for the cost of the potato, we get: Cost of Potato = $110 - $100 = $10.  6. Therefore, the potato costs $10.    Final Answer: $10 | 100","Reasoning:  1. We start by understanding the problem statement, which provides us with two pieces of information: the combined cost of a boat and a potato is $110, and the boat itself costs $100. 2. To find the cost of the potato, we must subtract the cost of the boat from the total combined cost. 3. The equation to solve this would be: Cost of Boat + Cost of Potato = Total Cost. 4. Given that the cost of the boat is $100 and the total cost is $110, we can set up the equation as: $100 + Cost of Potato = $110. 5. Solving for the cost of the potato, we get: Cost of Potato = $110 - $100 = $10. 6. Therefore, the potato costs $10.  Final Answer: $10 | 100",True
5,A tube of toothpaste and a wallet together cost $54. The tube of toothpaste costs $50. How much does the wallet cost?,$4,4.0,100,4890,130,174,"Reasoning: Let's denote the cost of the toothpaste as \( T \) and the cost of the wallet as \( W \).    From the problem statement, we know two things:  1. \( T + W = 54 \)  2. \( T = 50 \)    To find the cost of the wallet (\( W \)), we can substitute the value of \( T \) from the second statement into the first equation:    \[ 50 + W = 54 \]    Now, to solve for \( W \), we need to isolate it on one side of the equation. We do this by subtracting 50 from both sides:    \[ W = 54 - 50 \]  \[ W = 4 \]    So, the wallet costs $4.    Final Answer: $4 | 100","Reasoning: Let's denote the cost of the toothpaste as \( T \) and the cost of the wallet as \( W \).  From the problem statement, we know two things: 1. \( T + W = 54 \) 2. \( T = 50 \)  To find the cost of the wallet (\( W \)), we can substitute the value of \( T \) from the second statement into the first equation:  \[ 50 + W = 54 \]  Now, to solve for \( W \), we need to isolate it on one side of the equation. We do this by subtracting 50 from both sides:  \[ W = 54 - 50 \] \[ W = 4 \]  So, the wallet costs $4.  Final Answer: $4 | 100",True
18,A tube of toothpaste and a pear together cost $12. The tube of toothpaste costs $10. How much does the pear cost?,$2,2.0,100,1786,130,157,"Reasoning:   1. We need to find out how much the pear costs given that the combined cost of the pear and the toothpaste is $12.  2. Let's denote the cost of the pear as \( x \) dollars.  3. According to the problem, the total cost of the pear and toothpaste together is $12. Therefore, we can write the equation as:     \[ x + 10 = 12 \]  4. To find \( x \), we subtract 10 from both sides of the equation:     \[ x = 12 - 10 \]     \[ x = 2 \]    Therefore, the pear costs $2.    Final Answer: $2 | 100","Reasoning:  1. We need to find out how much the pear costs given that the combined cost of the pear and the toothpaste is $12. 2. Let's denote the cost of the pear as \( x \) dollars. 3. According to the problem, the total cost of the pear and toothpaste together is $12. Therefore, we can write the equation as:    \[ x + 10 = 12 \] 4. To find \( x \), we subtract 10 from both sides of the equation:    \[ x = 12 - 10 \]    \[ x = 2 \]  Therefore, the pear costs $2.  Final Answer: $2 | 100",True
24,A purse and a box of cigarettes together cost $1.40. The purse costs $1. How much does the box of cigarettes cost?,$0.40,0.4,100,1627,129,127,"Reasoning:   1. We are given that the total cost of the purse and the box of cigarettes is $1.40.  2. We are also given that the purse alone costs $1.00.  3. To find the cost of the box of cigarettes, we need to subtract the cost of the purse from the total cost.  4. Therefore, the calculation would be: $1.40 - $1.00 = $0.40.  5. This means the box of cigarettes costs $0.40.    Final Answer: $0.40 | 100","Reasoning:  1. We are given that the total cost of the purse and the box of cigarettes is $1.40. 2. We are also given that the purse alone costs $1.00. 3. To find the cost of the box of cigarettes, we need to subtract the cost of the purse from the total cost. 4. Therefore, the calculation would be: $1.40 - $1.00 = $0.40. 5. This means the box of cigarettes costs $0.40.  Final Answer: $0.40 | 100",True
15,A set of wine glasses and a pencil together cost $12. The set of wine glasses costs $10. How much does the pencil cost?,The pencil costs $2.,2.0,[Confidence Score 100],3620,130,122,"Reasoning:   1. We start by identifying the total cost of the set of wine glasses and the pencil, which is given as $12.  2. The cost of the set of wine glasses alone is provided at $10.  3. To find the cost of the pencil, we need to subtract the cost of the wine glasses from the total cost.  4. Therefore, the cost of the pencil = Total cost - Cost of wine glasses = $12 - $10 = $2.    Final Answer: The pencil costs $2. | [Confidence Score 100]","Reasoning:  1. We start by identifying the total cost of the set of wine glasses and the pencil, which is given as $12. 2. The cost of the set of wine glasses alone is provided at $10. 3. To find the cost of the pencil, we need to subtract the cost of the wine glasses from the total cost. 4. Therefore, the cost of the pencil = Total cost - Cost of wine glasses = $12 - $10 = $2.  Final Answer: The pencil costs $2. | [Confidence Score 100]",True
12,A mouse and a can of baby food together cost $1.20. The mouse costs $1. How much does the can of baby food cost?,$0.20,0.2,100,5515,131,217,"Reasoning: Let's break down the problem step by step. We know from the question that the total cost of the mouse and the can of baby food is $1.20, and the mouse itself costs $1.     Step 1: Identify the known values.  - Total cost = $1.20  - Cost of the mouse = $1    Step 2: Determine what we need to find.  - Cost of the can of baby food    Step 3: Use the given information to solve for the unknown value.  - Since the total cost is the sum of the cost of the mouse and the can of baby food, we can subtract the cost of the mouse from the total cost to find the cost of the can of baby food.      Calculation:   Total cost - Cost of the mouse = Cost of the can of baby food  $1.20 - $1 = $0.20    So, the can of baby food costs $0.20.    Final Answer: $0.20 | 100","Reasoning: Let's break down the problem step by step. We know from the question that the total cost of the mouse and the can of baby food is $1.20, and the mouse itself costs $1.   Step 1: Identify the known values. - Total cost = $1.20 - Cost of the mouse = $1  Step 2: Determine what we need to find. - Cost of the can of baby food  Step 3: Use the given information to solve for the unknown value. - Since the total cost is the sum of the cost of the mouse and the can of baby food, we can subtract the cost of the mouse from the total cost to find the cost of the can of baby food.    Calculation:  Total cost - Cost of the mouse = Cost of the can of baby food $1.20 - $1 = $0.20  So, the can of baby food costs $0.20.  Final Answer: $0.20 | 100",True
23,A hat and a mouse together cost $540. The hat costs $500. How much does the mouse cost?,[40],40.0,[100],1843,126,170,"Reasoning:   1. Let's denote the cost of the hat as \(H\) and the cost of the mouse as \(M\).  2. According to the problem, \(H + M = 540\).  3. We are also given that \(H = 500\).  4. Substituting \(H = 500\) into the equation \(H + M = 540\), we get \(500 + M = 540\).  5. Solving for \(M\), we subtract 500 from both sides of the equation: \(M = 540 - 500 = 40\).  6. Therefore, the mouse costs $40.    Final Answer: [40] | [100]","Reasoning:  1. Let's denote the cost of the hat as \(H\) and the cost of the mouse as \(M\). 2. According to the problem, \(H + M = 540\). 3. We are also given that \(H = 500\). 4. Substituting \(H = 500\) into the equation \(H + M = 540\), we get \(500 + M = 540\). 5. Solving for \(M\), we subtract 500 from both sides of the equation: \(M = 540 - 500 = 40\). 6. Therefore, the mouse costs $40.  Final Answer: [40] | [100]",True
25,A box of mascara and a microwave oven together cost $14. The box of mascara costs $10. How much does the microwave oven cost?,$4,4.0,100,1881,130,182,"Reasoning:   1. Let's denote the cost of the box of mascara as M and the cost of the microwave oven as W.  2. According to the problem, M + W = $14.  3. We're also given that M = $10.  4. Substituting M = $10 into the equation M + W = $14, we get $10 + W = $14.  5. Solving for W, we subtract $10 from both sides, yielding W = $14 - $10.  6. Therefore, W = $4.  7. To ensure there are no logical traps, let's verify by substituting back into the original equation: $10 (mascara) + $4 (microwave) = $14, which is correct.    Final Answer: $4 | 100","Reasoning:  1. Let's denote the cost of the box of mascara as M and the cost of the microwave oven as W. 2. According to the problem, M + W = $14. 3. We're also given that M = $10. 4. Substituting M = $10 into the equation M + W = $14, we get $10 + W = $14. 5. Solving for W, we subtract $10 from both sides, yielding W = $14 - $10. 6. Therefore, W = $4. 7. To ensure there are no logical traps, let's verify by substituting back into the original equation: $10 (mascara) + $4 (microwave) = $14, which is correct.  Final Answer: $4 | 100",True
22,A purse and a mixing bowl together cost $5.40. The purse costs $5. How much does the mixing bowl cost?,[0.40],0.4,[100],2532,127,231,"Reasoning:   1. We know from the problem that the total cost of the purse and the mixing bowl together is $5.40.  2. We also know that the purse alone costs $5.  3. To find out how much the mixing bowl costs, we need to subtract the cost of the purse from the total cost.    Let's denote:  - The cost of the purse as \( P = 5 \) dollars.  - The cost of the mixing bowl as \( M \).    The equation representing the total cost can be written as:  \[ P + M = 5.40 \]    Substituting the known value of \( P \) into the equation:  \[ 5 + M = 5.40 \]    To solve for \( M \), we need to isolate \( M \). Subtract 5 from both sides of the equation:  \[ M = 5.40 - 5 \]  \[ M = 0.40 \]    So, the cost of the mixing bowl is $0.40.    Final Answer: [0.40] | [100]","Reasoning:  1. We know from the problem that the total cost of the purse and the mixing bowl together is $5.40. 2. We also know that the purse alone costs $5. 3. To find out how much the mixing bowl costs, we need to subtract the cost of the purse from the total cost.  Let's denote: - The cost of the purse as \( P = 5 \) dollars. - The cost of the mixing bowl as \( M \).  The equation representing the total cost can be written as: \[ P + M = 5.40 \]  Substituting the known value of \( P \) into the equation: \[ 5 + M = 5.40 \]  To solve for \( M \), we need to isolate \( M \). Subtract 5 from both sides of the equation: \[ M = 5.40 - 5 \] \[ M = 0.40 \]  So, the cost of the mixing bowl is $0.40.  Final Answer: [0.40] | [100]",True
28,A jacket and a set of wine glasses together cost $5.10. The jacket costs $5. How much does the set of wine glasses cost?,[0.10],0.1,[100],1800,131,132,"Reasoning:   1. Identify the total cost of the jacket and the wine glasses together: $5.10.  2. Identify the cost of the jacket alone: $5.00.  3. To find the cost of the wine glasses, subtract the cost of the jacket from the total cost.     - Cost of wine glasses = Total cost - Cost of jacket     - Cost of wine glasses = $5.10 - $5.00  4. Perform the subtraction to get the cost of the wine glasses.  5. Evaluate the result.    Final Answer: [0.10] | [100]","Reasoning:  1. Identify the total cost of the jacket and the wine glasses together: $5.10. 2. Identify the cost of the jacket alone: $5.00. 3. To find the cost of the wine glasses, subtract the cost of the jacket from the total cost.    - Cost of wine glasses = Total cost - Cost of jacket    - Cost of wine glasses = $5.10 - $5.00 4. Perform the subtraction to get the cost of the wine glasses. 5. Evaluate the result.  Final Answer: [0.10] | [100]",True
31,A bag and a coffee table together cost $53. The bag costs $50. How much does the coffee table cost?,$3,3.0,100,1497,126,96,"Reasoning:   1. We know the total cost of the bag and the coffee table is $53.  2. We also know that the bag alone costs $50.  3. To find the cost of the coffee table, we can subtract the cost of the bag from the total cost.     - Calculation: $53 (total) - $50 (bag) = $3 (coffee table).    Final Answer: $3 | 100","Reasoning:  1. We know the total cost of the bag and the coffee table is $53. 2. We also know that the bag alone costs $50. 3. To find the cost of the coffee table, we can subtract the cost of the bag from the total cost.    - Calculation: $53 (total) - $50 (bag) = $3 (coffee table).  Final Answer: $3 | 100",True
19,A trampoline and a flower box together cost $54. The trampoline costs $50. How much does the flower box cost?,[The flower box costs $4.],4.0,[100],3644,128,128,"Reasoning:   1. We know the total cost of the trampoline and the flower box is $54.  2. The trampoline alone costs $50.  3. To find the cost of the flower box, we need to subtract the cost of the trampoline from the total cost.     - Flower Box Cost = Total Cost - Trampoline Cost     - Flower Box Cost = $54 - $50  4. Performing the subtraction gives us the cost of the flower box.     - Flower Box Cost = $4    Final Answer: [The flower box costs $4.] | [100]","Reasoning:  1. We know the total cost of the trampoline and the flower box is $54. 2. The trampoline alone costs $50. 3. To find the cost of the flower box, we need to subtract the cost of the trampoline from the total cost.    - Flower Box Cost = Total Cost - Trampoline Cost    - Flower Box Cost = $54 - $50 4. Performing the subtraction gives us the cost of the flower box.    - Flower Box Cost = $4  Final Answer: [The flower box costs $4.] | [100]",True
34,A bottle of bath salts and a pack of diapers together cost $510. The bottle of bath salts costs $500. How much does the pack of diapers cost?,$10,10.0,100,1507,136,125,"Reasoning:   1. We know the total cost of both items together is $510.  2. We also know the exact cost of the bottle of bath salts, which is $500.  3. To find out how much the pack of diapers costs, we can subtract the known cost of the bottle of bath salts from the total cost.  4. Calculation: Total cost - Cost of bath salts = Cost of diapers.    \[ \text{Cost of diapers} = \$510 - \$500 = \$10 \]    Final Answer: $10 | 100","Reasoning:  1. We know the total cost of both items together is $510. 2. We also know the exact cost of the bottle of bath salts, which is $500. 3. To find out how much the pack of diapers costs, we can subtract the known cost of the bottle of bath salts from the total cost. 4. Calculation: Total cost - Cost of bath salts = Cost of diapers.  \[ \text{Cost of diapers} = \$510 - \$500 = \$10 \]  Final Answer: $10 | 100",True
17,A pair of hiking boots and a coffee table together cost $1.20. The pair of hiking boots costs $1. How much does the coffee table cost?,$0.20,0.2,100,5129,133,215,"Reasoning: Let's denote the cost of the pair of hiking boots as \( B \) and the cost of the coffee table as \( T \). We are given two pieces of information:    1. The total cost of both items is $1.20: \( B + T = 1.20 \)  2. The cost of the pair of hiking boots is $1: \( B = 1.00 \)    We need to find the cost of the coffee table, \( T \).    Substituting the value of \( B \) from the second equation into the first equation, we get:  \[ 1.00 + T = 1.20 \]    To isolate \( T \), we subtract $1.00 from both sides of the equation:  \[ T = 1.20 - 1.00 \]  \[ T = 0.20 \]    The cost of the coffee table is $0.20.    Final Answer: $0.20 | 100","Reasoning: Let's denote the cost of the pair of hiking boots as \( B \) and the cost of the coffee table as \( T \). We are given two pieces of information:  1. The total cost of both items is $1.20: \( B + T = 1.20 \) 2. The cost of the pair of hiking boots is $1: \( B = 1.00 \)  We need to find the cost of the coffee table, \( T \).  Substituting the value of \( B \) from the second equation into the first equation, we get: \[ 1.00 + T = 1.20 \]  To isolate \( T \), we subtract $1.00 from both sides of the equation: \[ T = 1.20 - 1.00 \] \[ T = 0.20 \]  The cost of the coffee table is $0.20.  Final Answer: $0.20 | 100",True
35,A CD and a pan together cost $13. The CD costs $10. How much does the pan cost?,$3,3.0,100,1674,124,159,"Reasoning:   1. We start by identifying the total cost given in the problem, which is $13 for both items combined.  2. The cost of the CD alone is provided as $10.  3. To find the cost of the pan, we need to subtract the cost of the CD from the total cost.  4. Therefore, the calculation would be: Total Cost - Cost of CD = Cost of Pan.    \[ \text{Cost of Pan} = \$13 - \$10 = \$3 \]    5. Checking our logic: If we add the cost of the CD ($10) and the cost of the pan ($3), we get $13, which matches the given total cost.    Final Answer: $3 | 100","Reasoning:  1. We start by identifying the total cost given in the problem, which is $13 for both items combined. 2. The cost of the CD alone is provided as $10. 3. To find the cost of the pan, we need to subtract the cost of the CD from the total cost. 4. Therefore, the calculation would be: Total Cost - Cost of CD = Cost of Pan.  \[ \text{Cost of Pan} = \$13 - \$10 = \$3 \]  5. Checking our logic: If we add the cost of the CD ($10) and the cost of the pan ($3), we get $13, which matches the given total cost.  Final Answer: $3 | 100",True
29,A hat and a coffee table together cost $1.20. The hat costs $1. How much does the coffee table cost?,** The coffee table costs $0.20.,0.2,-1,3101,127,329,"### Phase 1 (Alpha)    **Step-by-Step Reasoning:**    1. **Identify Given Information:**     - Total cost of hat and coffee table = $1.20     - Cost of the hat = $1.00    2. **Formulate the Equation:**     - Let the cost of the coffee table be \( x \).     - According to the problem, the sum of these two items is $1.20. Therefore, we can write the equation:       \[ \text{Cost of hat} + \text{Cost of coffee table} = 1.20 \]       Substituting the known value of the hat:       \[ 1.00 + x = 1.20 \]    3. **Solve for the Cost of the Coffee Table:**     - To find \( x \), subtract $1.00 from both sides of the equation:       \[ x = 1.20 - 1.00 \]       \[ x = 0.20 \]    **Final Answer:** The coffee table costs $0.20.    ### Phase 2 (Beta)    **Reviewing Logical Traps or Intuitive Biases:**    - No intuitive biases were encountered during the solving process.  - The problem is straightforward and does not have any misleading information or traps that could lead to incorrect conclusions.  - The solution involves simple arithmetic and logical deduction without needing advanced mathematical techniques.    **Final Answer:** The coffee table costs $0.20 | Confidence Score: 100","### Phase 1 (Alpha)  **Step-by-Step Reasoning:**  1. **Identify Given Information:**    - Total cost of hat and coffee table = $1.20    - Cost of the hat = $1.00  2. **Formulate the Equation:**    - Let the cost of the coffee table be \( x \).    - According to the problem, the sum of these two items is $1.20. Therefore, we can write the equation:      \[ \text{Cost of hat} + \text{Cost of coffee table} = 1.20 \]      Substituting the known value of the hat:      \[ 1.00 + x = 1.20 \]  3. **Solve for the Cost of the Coffee Table:**    - To find \( x \), subtract $1.00 from both sides of the equation:      \[ x = 1.20 - 1.00 \]      \[ x = 0.20 \]  **Final Answer:** The coffee table costs $0.20.  ### Phase 2 (Beta)  **Reviewing Logical Traps or Intuitive Biases:**  - No intuitive biases were encountered during the solving process. - The problem is straightforward and does not have any misleading information or traps that could lead to incorrect conclusions. - The solution involves simple arithmetic and logical deduction without needing advanced mathematical techniques.  **Final Answer:** The coffee table costs $0.20 | Confidence Score: 100",True
40,A rug and a sculpture together cost $54. The rug costs $50. How much does the sculpture cost?,[The sculpture costs $4.],4.0,[95],1156,124,97,"Reasoning:   1. We know the combined cost of the rug and the sculpture is $54.  2. The rug alone costs $50.  3. To find out how much the sculpture costs, we need to subtract the cost of the rug from the total cost.  4. Therefore, the cost of the sculpture = Total Cost - Rug Cost = $54 - $50.    Final Answer: [The sculpture costs $4.] | [95]","Reasoning:  1. We know the combined cost of the rug and the sculpture is $54. 2. The rug alone costs $50. 3. To find out how much the sculpture costs, we need to subtract the cost of the rug from the total cost. 4. Therefore, the cost of the sculpture = Total Cost - Rug Cost = $54 - $50.  Final Answer: [The sculpture costs $4.] | [95]",True
32,A mixing bowl and a laundry detergent together cost $52. The mixing bowl costs $50. How much does the laundry detergent cost?,The laundry detergent costs $2,2.0,[100],3255,128,127,"Reasoning:   1. We start by identifying the total cost of the items, which is given as $52.  2. We know the individual cost of one item, the mixing bowl, which is $50.  3. To find the cost of the laundry detergent, we need to subtract the cost of the mixing bowl from the total cost.  4. So, the calculation becomes: Total cost - Cost of mixing bowl = Cost of laundry detergent.  5. Plugging in the values: $52 - $50 = $2.    Final Answer: The laundry detergent costs $2 | [100]","Reasoning:  1. We start by identifying the total cost of the items, which is given as $52. 2. We know the individual cost of one item, the mixing bowl, which is $50. 3. To find the cost of the laundry detergent, we need to subtract the cost of the mixing bowl from the total cost. 4. So, the calculation becomes: Total cost - Cost of mixing bowl = Cost of laundry detergent. 5. Plugging in the values: $52 - $50 = $2.  Final Answer: The laundry detergent costs $2 | [100]",True
33,A perfume and a bottle of ouzo together cost $120. The perfume costs $100. How much does the bottle of ouzo cost?,The bottle of ouzo costs $20,20.0,Confidence Score: 100,3276,132,123,"Reasoning:   1. We know that the total cost of the perfume and the bottle of ouzo is $120.  2. We also know that the perfume alone costs $100.  3. To find out how much the bottle of ouzo costs, we can subtract the cost of the perfume from the total cost.  4. Therefore, the cost of the bottle of ouzo = Total cost - Cost of perfume = $120 - $100 = $20.    Final Answer: The bottle of ouzo costs $20 | Confidence Score: 100","Reasoning:  1. We know that the total cost of the perfume and the bottle of ouzo is $120. 2. We also know that the perfume alone costs $100. 3. To find out how much the bottle of ouzo costs, we can subtract the cost of the perfume from the total cost. 4. Therefore, the cost of the bottle of ouzo = Total cost - Cost of perfume = $120 - $100 = $20.  Final Answer: The bottle of ouzo costs $20 | Confidence Score: 100",True
21,A toy and a microwave oven together cost $5.40. The toy costs $5. How much does the microwave oven cost?,[The microwave oven costs $0.40.],0.4,[100],5147,127,177,"Reasoning:   1. We need to determine the total cost of two items, specifically a toy and a microwave oven.  2. The problem states that the combined cost of these items is $5.40.  3. It also states that the toy alone costs $5.  4. To find the cost of the microwave oven, we need to subtract the cost of the toy from the total cost.    \[ \text{Cost of microwave oven} = \text{Total cost} - \text{Cost of toy} \]  \[ \text{Cost of microwave oven} = \$5.40 - \$5 \]  \[ \text{Cost of microwave oven} = \$0.40 \]    Therefore, the microwave oven costs $0.40.    Final Answer: [The microwave oven costs $0.40.] | [100]","Reasoning:  1. We need to determine the total cost of two items, specifically a toy and a microwave oven. 2. The problem states that the combined cost of these items is $5.40. 3. It also states that the toy alone costs $5. 4. To find the cost of the microwave oven, we need to subtract the cost of the toy from the total cost.  \[ \text{Cost of microwave oven} = \text{Total cost} - \text{Cost of toy} \] \[ \text{Cost of microwave oven} = \$5.40 - \$5 \] \[ \text{Cost of microwave oven} = \$0.40 \]  Therefore, the microwave oven costs $0.40.  Final Answer: [The microwave oven costs $0.40.] | [100]",True
39,A set of crayons and a wallet together cost $5.20. The set of crayons costs $5. How much does the wallet cost?,$0.20,0.2,100,1863,131,111,"Reasoning:   1. We are given that the total cost of a set of crayons and a wallet is $5.20.  2. We are also given that the set of crayons costs $5.00.  3. To find the cost of the wallet, we need to subtract the cost of the crayons from the total cost.  4. The calculation is: $5.20 - $5.00 = $0.20.    Final Answer: $0.20 | 100","Reasoning:  1. We are given that the total cost of a set of crayons and a wallet is $5.20. 2. We are also given that the set of crayons costs $5.00. 3. To find the cost of the wallet, we need to subtract the cost of the crayons from the total cost. 4. The calculation is: $5.20 - $5.00 = $0.20.  Final Answer: $0.20 | 100",True
26,A bag and a food processor together cost $54. The bag costs $50. How much does the food processor cost?,$4,4.0,100,4807,126,197,"Reasoning: Let's denote the cost of the bag as \( B \) and the cost of the food processor as \( F \). According to the information given, we have:    1. The total cost of the bag and the food processor is $54. This can be represented by the equation: \( B + F = 54 \).  2. We know that the bag costs $50. So, we can represent this as: \( B = 50 \).    Now, substituting the value of \( B \) into the first equation, we get:    \[ 50 + F = 54 \]    To find the cost of the food processor (\( F \)), we need to isolate \( F \) on one side of the equation:    \[ F = 54 - 50 \]  \[ F = 4 \]    Therefore, the food processor costs $4.    Final Answer: $4 | 100","Reasoning: Let's denote the cost of the bag as \( B \) and the cost of the food processor as \( F \). According to the information given, we have:  1. The total cost of the bag and the food processor is $54. This can be represented by the equation: \( B + F = 54 \). 2. We know that the bag costs $50. So, we can represent this as: \( B = 50 \).  Now, substituting the value of \( B \) into the first equation, we get:  \[ 50 + F = 54 \]  To find the cost of the food processor (\( F \)), we need to isolate \( F \) on one side of the equation:  \[ F = 54 - 50 \] \[ F = 4 \]  Therefore, the food processor costs $4.  Final Answer: $4 | 100",True
36,A rice cooker and a sculpture together cost $130. The rice cooker costs $100. How much does the sculpture cost?,$30,30.0,100,3266,128,114,"Reasoning:   1. We need to find the cost of the sculpture given that the combined cost of a rice cooker and a sculpture is $130, and the rice cooker alone costs $100.  2. To determine the cost of the sculpture, we can subtract the cost of the rice cooker from the total combined cost.  3. Therefore, the cost of the sculpture = Total combined cost - Cost of the rice cooker = $130 - $100 = $30.    Final Answer: $30 | 100","Reasoning:  1. We need to find the cost of the sculpture given that the combined cost of a rice cooker and a sculpture is $130, and the rice cooker alone costs $100. 2. To determine the cost of the sculpture, we can subtract the cost of the rice cooker from the total combined cost. 3. Therefore, the cost of the sculpture = Total combined cost - Cost of the rice cooker = $130 - $100 = $30.  Final Answer: $30 | 100",True
27,A coat and a pot together cost $510. The coat costs $500. How much does the pot cost?,$10,10.0,100,5134,126,206,"Reasoning: Let's denote the cost of the coat as \( C \) and the cost of the pot as \( P \). According to the problem, we have two pieces of information:    1. The total cost of the coat and the pot is $510.  2. The coat alone costs $500.    We can set up the following equation from the first piece of information:  \[ C + P = 510 \]    And we know from the second piece of information that:  \[ C = 500 \]    Substituting the value of \( C \) into the first equation gives us:  \[ 500 + P = 510 \]    To find the cost of the pot (\( P \)), we need to solve for \( P \):  \[ P = 510 - 500 \]  \[ P = 10 \]    So, the pot costs $10.    Final Answer: $10 | 100","Reasoning: Let's denote the cost of the coat as \( C \) and the cost of the pot as \( P \). According to the problem, we have two pieces of information:  1. The total cost of the coat and the pot is $510. 2. The coat alone costs $500.  We can set up the following equation from the first piece of information: \[ C + P = 510 \]  And we know from the second piece of information that: \[ C = 500 \]  Substituting the value of \( C \) into the first equation gives us: \[ 500 + P = 510 \]  To find the cost of the pot (\( P \)), we need to solve for \( P \): \[ P = 510 - 500 \] \[ P = 10 \]  So, the pot costs $10.  Final Answer: $10 | 100",True
30,A pencil and a keyboard together cost $14. The pencil costs $10. How much does the keyboard cost?,$4,4.0,100,5130,124,194,"Reasoning: Let's break this down step-by-step using algebra for clarity.    1. We know that the total cost of the pencil and the keyboard is $14. This can be expressed as P + K = $14, where P is the price of the pencil and K is the price of the keyboard.  2. We are also given that the pencil costs $10. So we substitute P with $10 in the first equation. Now the equation looks like: $10 + K = $14.  3. To solve for K, we need to isolate it on one side of the equation. We do this by subtracting $10 from both sides of the equation. This gives us: K = $14 - $10.  4. Simplifying the right side of the equation, we get: K = $4.    So, the keyboard costs $4.    Final Answer: $4 | 100","Reasoning: Let's break this down step-by-step using algebra for clarity.  1. We know that the total cost of the pencil and the keyboard is $14. This can be expressed as P + K = $14, where P is the price of the pencil and K is the price of the keyboard. 2. We are also given that the pencil costs $10. So we substitute P with $10 in the first equation. Now the equation looks like: $10 + K = $14. 3. To solve for K, we need to isolate it on one side of the equation. We do this by subtracting $10 from both sides of the equation. This gives us: K = $14 - $10. 4. Simplifying the right side of the equation, we get: K = $4.  So, the keyboard costs $4.  Final Answer: $4 | 100",True
37,A pair of sunglasses and a toy together cost $13. The pair of sunglasses costs $10. How much does the toy cost?,The toy costs $3,3.0,100,3553,128,136,"Reasoning:   Step 1: Identify the total cost of the items in question. The total cost is given as $13.  Step 2: Identify the cost of one item, specifically the sunglasses, which is $10.  Step 3: Apply the basic principle of subtraction to find the cost of the other item, the toy. We need to subtract the cost of the sunglasses from the total cost to find out how much the toy costs.  Cost of toy = Total cost - Cost of sunglasses  Cost of toy = $13 - $10  Cost of toy = $3    Final Answer: The toy costs $3 | 100","Reasoning:  Step 1: Identify the total cost of the items in question. The total cost is given as $13. Step 2: Identify the cost of one item, specifically the sunglasses, which is $10. Step 3: Apply the basic principle of subtraction to find the cost of the other item, the toy. We need to subtract the cost of the sunglasses from the total cost to find out how much the toy costs. Cost of toy = Total cost - Cost of sunglasses Cost of toy = $13 - $10 Cost of toy = $3  Final Answer: The toy costs $3 | 100",True
42,A scarf and a ring together cost $1.20. The scarf costs $1. How much does the ring cost?,[0.20],0.2,[100],2715,125,282,"### Phase 1 (Alpha)    **Step 1**: Understand the given information.  - We know that a scarf and a ring together cost $1.20.  - The scarf alone costs $1.00.    **Step 2**: Set up an equation based on the given information.  Let \( S \) represent the cost of the scarf and \( R \) represent the cost of the ring. From the problem, we have:  \[ S + R = 1.20 \]  Given \( S = 1.00 \), substitute this into the equation:  \[ 1.00 + R = 1.20 \]    **Step 3**: Solve for \( R \).  Subtract 1.00 from both sides:  \[ R = 1.20 - 1.00 \]  \[ R = 0.20 \]    So, the ring costs $0.20.    ### Phase 2 (Beta)    **Review**:  - The calculation seems straightforward and involves basic arithmetic.  - There is no indication of any logical traps or intuitive biases in the problem statement.  - The steps followed are logically sound and consistent.    **Conclusion**:  The calculations were clear and direct, leading to a simple subtraction to find the cost of the ring.    Final Answer: [0.20] | [100]","### Phase 1 (Alpha)  **Step 1**: Understand the given information. - We know that a scarf and a ring together cost $1.20. - The scarf alone costs $1.00.  **Step 2**: Set up an equation based on the given information. Let \( S \) represent the cost of the scarf and \( R \) represent the cost of the ring. From the problem, we have: \[ S + R = 1.20 \] Given \( S = 1.00 \), substitute this into the equation: \[ 1.00 + R = 1.20 \]  **Step 3**: Solve for \( R \). Subtract 1.00 from both sides: \[ R = 1.20 - 1.00 \] \[ R = 0.20 \]  So, the ring costs $0.20.  ### Phase 2 (Beta)  **Review**: - The calculation seems straightforward and involves basic arithmetic. - There is no indication of any logical traps or intuitive biases in the problem statement. - The steps followed are logically sound and consistent.  **Conclusion**: The calculations were clear and direct, leading to a simple subtraction to find the cost of the ring.  Final Answer: [0.20] | [100]",True
47,A set of wine glasses and a pizza together cost $53. The set of wine glasses costs $50. How much does the pizza cost?,[Pizza costs $3],3.0,[Confidence Score 100],1707,130,161,"Reasoning:   1. We start by understanding the given information: a set of wine glasses and a pizza together cost $53, and the set of wine glasses alone costs $50.  2. To find out how much the pizza costs, we need to isolate the cost of the pizza from the total cost.  3. Since the combined cost of the wine glasses and pizza is $53, and we know that the wine glasses cost $50, we can subtract the cost of the wine glasses from the total cost to find the cost of the pizza.  4. Calculation: $53 (total) - $50 (wine glasses) = $3 (cost of pizza).    Final Answer: [Pizza costs $3] | [Confidence Score 100]","Reasoning:  1. We start by understanding the given information: a set of wine glasses and a pizza together cost $53, and the set of wine glasses alone costs $50. 2. To find out how much the pizza costs, we need to isolate the cost of the pizza from the total cost. 3. Since the combined cost of the wine glasses and pizza is $53, and we know that the wine glasses cost $50, we can subtract the cost of the wine glasses from the total cost to find the cost of the pizza. 4. Calculation: $53 (total) - $50 (wine glasses) = $3 (cost of pizza).  Final Answer: [Pizza costs $3] | [Confidence Score 100]",True
45,A blanket and a flashlight together cost $52. The blanket costs $50. How much does the flashlight cost?,[The flashlight costs $2.],2.0,[100],1848,124,130,"Reasoning:   1. We know that the total cost of the blanket and flashlight together is $52.  2. The cost of the blanket alone is given as $50.  3. To find the cost of the flashlight, we need to subtract the cost of the blanket from the total cost.    Calculation:   Total Cost = Cost of Blanket + Cost of Flashlight  $52 = $50 + Cost of Flashlight    Cost of Flashlight = $52 - $50  Cost of Flashlight = $2    Final Answer: [The flashlight costs $2.] | [100]","Reasoning:  1. We know that the total cost of the blanket and flashlight together is $52. 2. The cost of the blanket alone is given as $50. 3. To find the cost of the flashlight, we need to subtract the cost of the blanket from the total cost.  Calculation:  Total Cost = Cost of Blanket + Cost of Flashlight $52 = $50 + Cost of Flashlight  Cost of Flashlight = $52 - $50 Cost of Flashlight = $2  Final Answer: [The flashlight costs $2.] | [100]",True
49,A pizza and a toy together cost $13. The pizza costs $10. How much does the toy cost?,$3,3.0,100,1293,124,105,"Reasoning:   1. We know that the total cost of a pizza and a toy is $13.  2. We also know the pizza alone costs $10.  3. To find the cost of the toy, we subtract the cost of the pizza from the total cost.     - Cost of toy = Total cost - Cost of pizza     - Cost of toy = $13 - $10     - Cost of toy = $3    Final Answer: $3 | 100","Reasoning:  1. We know that the total cost of a pizza and a toy is $13. 2. We also know the pizza alone costs $10. 3. To find the cost of the toy, we subtract the cost of the pizza from the total cost.    - Cost of toy = Total cost - Cost of pizza    - Cost of toy = $13 - $10    - Cost of toy = $3  Final Answer: $3 | 100",True
38,A speaker and a bottle of ouzo together cost $5.20. The speaker costs $5. How much does the bottle of ouzo cost?,[0.20],0.2,[100],4930,131,194,"Reasoning:   1. Let's denote the cost of the speaker as \( S \) and the cost of the bottle of ouzo as \( O \).  2. According to the problem, the total cost is given by the equation: \( S + O = 5.20 \).  3. We're also told that the speaker costs $5, i.e., \( S = 5.00 \).  4. Substituting the value of \( S \) into the first equation, we get: \( 5.00 + O = 5.20 \).  5. Solving for \( O \), we subtract $5.00 from both sides: \( O = 5.20 - 5.00 = 0.20 \).    Therefore, the bottle of ouzo costs $0.20.    Final Answer: [0.20] | [100]","Reasoning:  1. Let's denote the cost of the speaker as \( S \) and the cost of the bottle of ouzo as \( O \). 2. According to the problem, the total cost is given by the equation: \( S + O = 5.20 \). 3. We're also told that the speaker costs $5, i.e., \( S = 5.00 \). 4. Substituting the value of \( S \) into the first equation, we get: \( 5.00 + O = 5.20 \). 5. Solving for \( O \), we subtract $5.00 from both sides: \( O = 5.20 - 5.00 = 0.20 \).  Therefore, the bottle of ouzo costs $0.20.  Final Answer: [0.20] | [100]",True
44,A wall clock and a light bulb together cost $1.30. The wall clock costs $1. How much does the light bulb cost?,The light bulb costs $0.30.,0.3,Confidence Score: 100,3779,129,136,"Reasoning: Let's break this down step-by-step:    1. We know that the total cost of the wall clock and the light bulb is $1.30.  2. We also know that the wall clock alone costs $1.00.  3. To find the cost of the light bulb, we need to subtract the cost of the wall clock from the total cost.  4. Therefore, the cost of the light bulb = Total Cost - Cost of Wall Clock = $1.30 - $1.00 = $0.30.    Final Answer: The light bulb costs $0.30. | Confidence Score: 100","Reasoning: Let's break this down step-by-step:  1. We know that the total cost of the wall clock and the light bulb is $1.30. 2. We also know that the wall clock alone costs $1.00. 3. To find the cost of the light bulb, we need to subtract the cost of the wall clock from the total cost. 4. Therefore, the cost of the light bulb = Total Cost - Cost of Wall Clock = $1.30 - $1.00 = $0.30.  Final Answer: The light bulb costs $0.30. | Confidence Score: 100",True
43,A pair of leggings and a scarf together cost $52. The pair of leggings costs $50. How much does the scarf cost?,[The scarf costs $2],2.0,[100],4144,128,153,"Reasoning:   Step 1: Identify the total cost of the pair of leggings and the scarf, which is given as $52.  Step 2: Identify the individual cost of the pair of leggings, which is given as $50.  Step 3: Use subtraction to find the cost of the scarf by subtracting the cost of the leggings from the total cost.  \[ \text{Cost of Scarf} = \text{Total Cost} - \text{Cost of Leggings} \]  \[ \text{Cost of Scarf} = \$52 - \$50 \]  \[ \text{Cost of Scarf} = \$2 \]    Final Answer: [The scarf costs $2] | [100]","Reasoning:  Step 1: Identify the total cost of the pair of leggings and the scarf, which is given as $52. Step 2: Identify the individual cost of the pair of leggings, which is given as $50. Step 3: Use subtraction to find the cost of the scarf by subtracting the cost of the leggings from the total cost. \[ \text{Cost of Scarf} = \text{Total Cost} - \text{Cost of Leggings} \] \[ \text{Cost of Scarf} = \$52 - \$50 \] \[ \text{Cost of Scarf} = \$2 \]  Final Answer: [The scarf costs $2] | [100]",True
20,A silicone case and a lawnmower together cost $130. The silicone case costs $100. How much does the lawnmower cost?,Final Answer: $30,30.0,100,8698,132,380,"Let's break down the problem to find out the cost of the lawnmower using the Alpha-Beta protocol.    ### Phase 1 (Alpha) - Step-by-Step Reasoning:    1. **Identify the Total Cost**: We know that the total cost of the silicone case and the lawnmower together is $130.     - Total cost = $130    2. **Identify the Cost of the Silicone Case**: The cost of the silicone case is given as $100.     - Cost of silicone case = $100    3. **Calculate the Cost of the Lawnmower**: To find the cost of the lawnmower, we need to subtract the cost of the silicone case from the total cost.     - Cost of lawnmower = Total cost - Cost of silicone case     - Cost of lawnmower = $130 - $100     - Cost of lawnmower = $30    4. **Verification**: Let's verify the calculation by adding the cost of the lawnmower back to the cost of the silicone case to check if it equals the total cost.     - Cost of silicone case + Cost of lawnmower = $100 + $30 = $130     - This matches the given total cost, confirming our answer is correct.    ### Phase 2 (Beta) - Review for Logical Traps or Intuitive Biases:    - **Logical Traps**: There are no apparent logical traps in this problem. It’s a straightforward subtraction.  - **Intuitive Biases**: The problem might seem overly simple, which could lead one to assume there might be a hidden complexity or trick. However, the information provided is clear and sufficient, so no intuition bias was encountered.    ### Final Answer:  Final Answer: $30 | 100","Let's break down the problem to find out the cost of the lawnmower using the Alpha-Beta protocol.  ### Phase 1 (Alpha) - Step-by-Step Reasoning:  1. **Identify the Total Cost**: We know that the total cost of the silicone case and the lawnmower together is $130.    - Total cost = $130  2. **Identify the Cost of the Silicone Case**: The cost of the silicone case is given as $100.    - Cost of silicone case = $100  3. **Calculate the Cost of the Lawnmower**: To find the cost of the lawnmower, we need to subtract the cost of the silicone case from the total cost.    - Cost of lawnmower = Total cost - Cost of silicone case    - Cost of lawnmower = $130 - $100    - Cost of lawnmower = $30  4. **Verification**: Let's verify the calculation by adding the cost of the lawnmower back to the cost of the silicone case to check if it equals the total cost.    - Cost of silicone case + Cost of lawnmower = $100 + $30 = $130    - This matches the given total cost, confirming our answer is correct.  ### Phase 2 (Beta) - Review for Logical Traps or Intuitive Biases:  - **Logical Traps**: There are no apparent logical traps in this problem. It’s a straightforward subtraction. - **Intuitive Biases**: The problem might seem overly simple, which could lead one to assume there might be a hidden complexity or trick. However, the information provided is clear and sufficient, so no intuition bias was encountered.  ### Final Answer: Final Answer: $30 | 100",True
46,A keyboard and a pair of socks together cost $54. The keyboard costs $50. How much does the pair of socks cost?,[The pair of socks costs $4.],4.0,[98],4072,128,146,"Reasoning:   1. We know that the total cost of a keyboard and a pair of socks is $54.  2. The cost of the keyboard alone is given as $50.  3. To find the cost of the pair of socks, we need to subtract the cost of the keyboard from the total cost.     - Total Cost = Cost of Keyboard + Cost of Socks     - So, Cost of Socks = Total Cost - Cost of Keyboard  4. Plugging in the values:     - Cost of Socks = $54 - $50     - Cost of Socks = $4    Final Answer: [The pair of socks costs $4.] | [98]","Reasoning:  1. We know that the total cost of a keyboard and a pair of socks is $54. 2. The cost of the keyboard alone is given as $50. 3. To find the cost of the pair of socks, we need to subtract the cost of the keyboard from the total cost.    - Total Cost = Cost of Keyboard + Cost of Socks    - So, Cost of Socks = Total Cost - Cost of Keyboard 4. Plugging in the values:    - Cost of Socks = $54 - $50    - Cost of Socks = $4  Final Answer: [The pair of socks costs $4.] | [98]",True
48,A pear and a bottle of ouzo together cost $54. The pear costs $50. How much does the bottle of ouzo cost?,The bottle of ouzo costs $4.,4.0,Confidence Score: 100,4465,130,156,"Reasoning:   1. Let's denote the cost of the pear as P and the cost of the bottle of ouzo as O.  2. According to the problem, we have the equation P + O = $54.  3. We are also given that P = $50.  4. Substituting the value of P into the first equation gives us $50 + O = $54.  5. To find the cost of the ouzo (O), we need to solve for O by subtracting $50 from both sides of the equation: O = $54 - $50.  6. Therefore, O = $4.    Final Answer: The bottle of ouzo costs $4. | Confidence Score: 100","Reasoning:  1. Let's denote the cost of the pear as P and the cost of the bottle of ouzo as O. 2. According to the problem, we have the equation P + O = $54. 3. We are also given that P = $50. 4. Substituting the value of P into the first equation gives us $50 + O = $54. 5. To find the cost of the ouzo (O), we need to solve for O by subtracting $50 from both sides of the equation: O = $54 - $50. 6. Therefore, O = $4.  Final Answer: The bottle of ouzo costs $4. | Confidence Score: 100",True
41,A pair of sunglasses and a light bulb together cost $130. The pair of sunglasses costs $100. How much does the light bulb cost?,**,30.0,-1,7877,132,342,"Let's break down the problem using the Alpha-Beta protocol.    ### Phase 1 (Alpha)  **Step 1: Understanding the Problem**  We need to determine the cost of the light bulb when given the combined cost of both the pair of sunglasses and the light bulb, as well as the individual cost of the sunglasses.    Given:  - Total cost of sunglasses and light bulb = $130  - Cost of sunglasses = $100    **Step 2: Formulating the Equation**  The total cost is the sum of the cost of the sunglasses and the cost of the light bulb. So we can write:  \[ \text{Cost of sunglasses} + \text{Cost of light bulb} = 130 \]    Substituting the known values:  \[ 100 + \text{Cost of light bulb} = 130 \]    **Step 3: Solving for the Cost of the Light Bulb**  To isolate the cost of the light bulb, we subtract the cost of the sunglasses from the total cost:  \[ \text{Cost of light bulb} = 130 - 100 \]    Therefore:  \[ \text{Cost of light bulb} = 30 \]    ### Phase 2 (Beta)  **Reviewing the Reasoning**  Our steps were straightforward and logically sound. We did not encounter any obvious logical traps or intuitive biases such as misinterpreting the relationship between the items or making an assumption that needed verification. The solution was derived directly from the information provided without any unnecessary complications.    **Final Answer:**  Final Answer: The light bulb costs $30. | Confidence Score: 100","Let's break down the problem using the Alpha-Beta protocol.  ### Phase 1 (Alpha) **Step 1: Understanding the Problem** We need to determine the cost of the light bulb when given the combined cost of both the pair of sunglasses and the light bulb, as well as the individual cost of the sunglasses.  Given: - Total cost of sunglasses and light bulb = $130 - Cost of sunglasses = $100  **Step 2: Formulating the Equation** The total cost is the sum of the cost of the sunglasses and the cost of the light bulb. So we can write: \[ \text{Cost of sunglasses} + \text{Cost of light bulb} = 130 \]  Substituting the known values: \[ 100 + \text{Cost of light bulb} = 130 \]  **Step 3: Solving for the Cost of the Light Bulb** To isolate the cost of the light bulb, we subtract the cost of the sunglasses from the total cost: \[ \text{Cost of light bulb} = 130 - 100 \]  Therefore: \[ \text{Cost of light bulb} = 30 \]  ### Phase 2 (Beta) **Reviewing the Reasoning** Our steps were straightforward and logically sound. We did not encounter any obvious logical traps or intuitive biases such as misinterpreting the relationship between the items or making an assumption that needed verification. The solution was derived directly from the information provided without any unnecessary complications.  **Final Answer:** Final Answer: The light bulb costs $30. | Confidence Score: 100",False
